"0","18-35","Drama","Comedy","Action","Thriller","Romance"
"0","36-50","Drama","Comedy","Action","Thriller","Romance"
"0","50+","Drama","Comedy","Romance","Thriller","Action"
"1","18-35","Drama","Comedy","Action","Thriller","Romance"
"1","36-50","Drama","Comedy","Action","Romance","Thriller"
"1","50+","Drama","Comedy","Romance","Action","Thriller"
"2","18-35","Drama","Comedy","Action","Thriller","Romance"
"2","36-50","Drama","Comedy","Thriller","Romance","Action"
"2","50+","Drama","Comedy","Romance","Action","Thriller"
"3","18-35","Drama","Comedy","Action","Thriller","Romance"
"3","36-50","Drama","Comedy","Action","Romance","Thriller"
"3","50+","Drama","Comedy","Romance","Thriller","Action"
"4","18-35","Drama","Comedy","Action","Thriller","Romance"
"4","36-50","Drama","Comedy","Action","Thriller","Romance"
"4","50+","Drama","Comedy","Action","Thriller","Romance"
"5","18-35","Comedy","Drama","Action","Thriller","Sci-Fi"
"5","36-50","Drama","Comedy","Action","Thriller","Sci-Fi"
"5","50+","Action","Drama","Thriller","War","Adventure"
"6","18-35","Drama","Comedy","Action","Thriller","Romance"
"6","36-50","Drama","Comedy","Action","Thriller","Romance"
"6","50+","Drama","Comedy","Action","Sci-Fi","Romance"
"7","18-35","Drama","Comedy","Action","Thriller","Romance"
"7","36-50","Drama","Comedy","Action","Thriller","Romance"
"7","50+","Drama","Comedy","Action","Thriller","Romance"
"8","18-35","Action","Drama","Comedy","Sci-Fi","Adventure"
"8","36-50","Drama","Comedy","Action","Thriller","Romance"
"8","50+","Action","Comedy","Drama","Adventure","Sci-Fi"
"9","18-35","Comedy","Drama","Romance","Action","Thriller"
"9","36-50","Drama","Comedy","Romance","Action","Thriller"
"9","50+","Drama","Comedy","Romance","Thriller","Musical"
"10","18-35","Drama","Comedy","Action","Sci-Fi","Thriller"
"10","36-50","Drama","Comedy","Action","Sci-Fi","Thriller"
"10","50+","Comedy","Drama","Action","Sci-Fi","Thriller"
"11","18-35","Drama","Comedy","Action","Thriller","Romance"
"11","36-50","Drama","Comedy","Action","Thriller","Romance"
"11","50+","Drama","Comedy","Romance","Thriller","Action"
"12","18-35","Drama","Comedy","Action","Thriller","Sci-Fi"
"12","36-50","Drama","Comedy","Action","Thriller","Sci-Fi"
"12","50+","Drama","Comedy","Action","Adventure","Romance"
"13","18-35","Sci-Fi","Drama","Action","Thriller","Adventure"
"13","36-50","Drama","Comedy","Action","Thriller","Romance"
"13","50+","Drama","Comedy","Action","Romance","Thriller"
"14","18-35","Drama","Comedy","Action","Thriller","Romance"
"14","36-50","Drama","Comedy","Action","Thriller","Romance"
"14","50+","Drama","Action","Comedy","Thriller","Sci-Fi"
"15","18-35","Drama","Comedy","Action","Thriller","Sci-Fi"
"15","36-50","Drama","Comedy","Action","Sci-Fi","Thriller"
"15","50+","Drama","Action","Comedy","Thriller","Romance"
"16","18-35","Drama","Comedy","Action","Thriller","Sci-Fi"
"16","36-50","Drama","Comedy","Action","Romance","Thriller"
"16","50+","Drama","Comedy","Action","Thriller","Romance"
"17","18-35","Comedy","Drama","Action","Thriller","Sci-Fi"
"17","36-50","Drama","Action","Comedy","Sci-Fi","Thriller"
"17","50+","Drama","Comedy","Action","Thriller","Romance"
"18","18-35","Comedy","Drama","Action","Thriller","Adventure"
"18","36-50","Drama","Comedy","Action","Thriller","Sci-Fi"
"18","50+","Action","Thriller","Drama","Western","War"
"19","18-35","Drama","Comedy","Action","Thriller","Sci-Fi"
"19","36-50","Drama","Comedy","Romance","Sci-Fi","Action"
"19","50+","Drama","Comedy","Romance","Thriller","Action"
"20","18-35","Drama","Comedy","Action","Thriller","Romance"
"20","36-50","Drama","Comedy","Romance","Action","Thriller"
"20","50+","Drama","Comedy","Action","Thriller","Romance"
"260","Star Wars Episode IV - A New Hope (1977)","2991"
"480","Jurassic Park (1993)","2672"
"589","Terminator 2 Judgment Day (1991)","2649"
"593","Silence of the Lambs The (1991)","2578"
"1196","Star Wars Episode V - The Empire Strikes Back (1980)","2990"
"1210","Star Wars Episode VI - Return of the Jedi (1983)","2883"
"1270","Back to the Future (1985)","2583"
"2028","Saving Private Ryan (1998)","2653"
"2571","Matrix The (1999)","2590"
"2858","American Beauty (1999)","3428"
"50","Usual Suspects The (1995)","4.517"
"260","Star Wars Episode IV - A New Hope (1977)","4.454"
"318","Shawshank Redemption The (1994)","4.555"
"527","Schindler's List (1993)","4.51"
"670","World of Apu The (Apur Sansar) (1959)","4.411"
"720","Wallace & Gromit The Best of Aardman Animation (1996)","4.427"
"745","Close Shave A (1995)","4.521"
"750","Dr. Strangelove or How I Learned to Stop Worrying and Love the Bomb (1963)","4.45"
"858","Godfather The (1972)","4.525"
"904","Rear Window (1954)","4.476"
"912","Casablanca (1942)","4.413"
"922","Sunset Blvd. (a.k.a. Sunset Boulevard) (1950)","4.491"
"1148","Wrong Trousers The (1993)","4.508"
"1178","Paths of Glory (1957)","4.474"
"1198","Raiders of the Lost Ark (1981)","4.478"
"1207","To Kill a Mockingbird (1962)","4.426"
"1212","Third Man The (1949)","4.452"
"2019","Seven Samurai (The Magnificent Seven) (Shichinin no samurai) (1954)","4.561"
"2905","Sanjuro (1962)","4.609"
"3435","Double Indemnity (1944)","4.416"
