"0","18-35","Drama","Comedy","Action","Thriller","Romance"
"0","36-50","Drama","Comedy","Action","Thriller","Romance"
"0","50+","Drama","Comedy","Romance","Thriller","Action"
"1","18-35","Drama","Comedy","Action","Thriller","Romance"
"1","36-50","Drama","Comedy","Action","Romance","Thriller"
"1","50+","Drama","Comedy","Romance","Action","Thriller"
"2","18-35","Drama","Comedy","Action","Thriller","Romance"
"2","36-50","Drama","Comedy","Thriller","Romance","Action"
"2","50+","Drama","Comedy","Romance","Action","Thriller"
"3","18-35","Drama","Comedy","Action","Thriller","Romance"
"3","36-50","Drama","Comedy","Action","Romance","Thriller"
"3","50+","Drama","Comedy","Romance","Thriller","Action"
"4","18-35","Drama","Comedy","Action","Thriller","Romance"
"4","36-50","Drama","Comedy","Action","Thriller","Romance"
"4","50+","Drama","Comedy","Action","Thriller","Romance"
"5","18-35","Comedy","Drama","Action","Thriller","Sci-Fi"
"5","36-50","Drama","Comedy","Action","Thriller","Sci-Fi"
"5","50+","Action","Drama","Thriller","War","Adventure"
"6","18-35","Drama","Comedy","Action","Thriller","Romance"
"6","36-50","Drama","Comedy","Action","Thriller","Romance"
"6","50+","Drama","Comedy","Action","Sci-Fi","Romance"
"7","18-35","Drama","Comedy","Action","Thriller","Romance"
"7","36-50","Drama","Comedy","Action","Thriller","Romance"
"7","50+","Drama","Comedy","Action","Thriller","Romance"
"8","18-35","Action","Drama","Comedy","Sci-Fi","Adventure"
"8","36-50","Drama","Comedy","Action","Thriller","Romance"
"8","50+","Action","Comedy","Drama","Adventure","Sci-Fi"
"9","18-35","Comedy","Drama","Romance","Action","Thriller"
"9","36-50","Drama","Comedy","Romance","Action","Thriller"
"9","50+","Drama","Comedy","Romance","Thriller","Musical"
"10","18-35","Drama","Comedy","Action","Sci-Fi","Thriller"
"10","36-50","Drama","Comedy","Action","Sci-Fi","Thriller"
"10","50+","Comedy","Drama","Action","Sci-Fi","Thriller"
"11","18-35","Drama","Comedy","Action","Thriller","Romance"
"11","36-50","Drama","Comedy","Action","Thriller","Romance"
"11","50+","Drama","Comedy","Romance","Thriller","Action"
"12","18-35","Drama","Comedy","Action","Thriller","Sci-Fi"
"12","36-50","Drama","Comedy","Action","Thriller","Sci-Fi"
"12","50+","Drama","Comedy","Action","Adventure","Romance"
"13","18-35","Sci-Fi","Drama","Action","Thriller","Adventure"
"13","36-50","Drama","Comedy","Action","Thriller","Romance"
"13","50+","Drama","Comedy","Action","Romance","Thriller"
"14","18-35","Drama","Comedy","Action","Thriller","Romance"
"14","36-50","Drama","Comedy","Action","Thriller","Romance"
"14","50+","Drama","Action","Comedy","Thriller","Sci-Fi"
"15","18-35","Drama","Comedy","Action","Thriller","Sci-Fi"
"15","36-50","Drama","Comedy","Action","Sci-Fi","Thriller"
"15","50+","Drama","Action","Comedy","Thriller","Romance"
"16","18-35","Drama","Comedy","Action","Thriller","Sci-Fi"
"16","36-50","Drama","Comedy","Action","Romance","Thriller"
"16","50+","Drama","Comedy","Action","Thriller","Romance"
"17","18-35","Comedy","Drama","Action","Thriller","Sci-Fi"
"17","36-50","Drama","Action","Comedy","Sci-Fi","Thriller"
"17","50+","Drama","Comedy","Action","Thriller","Romance"
"18","18-35","Comedy","Drama","Action","Thriller","Adventure"
"18","36-50","Drama","Comedy","Action","Thriller","Sci-Fi"
"18","50+","Action","Thriller","Drama","Western","War"
"19","18-35","Drama","Comedy","Action","Thriller","Sci-Fi"
"19","36-50","Drama","Comedy","Romance","Sci-Fi","Action"
"19","50+","Drama","Comedy","Romance","Thriller","Action"
"20","18-35","Drama","Comedy","Action","Thriller","Romance"
"20","36-50","Drama","Comedy","Romance","Action","Thriller"
"20","50+","Drama","Comedy","Action","Thriller","Romance"
