"50","Usual Suspects The (1995)","4.517"
"260","Star Wars Episode IV - A New Hope (1977)","4.454"
"318","Shawshank Redemption The (1994)","4.555"
"527","Schindler's List (1993)","4.51"
"670","World of Apu The (Apur Sansar) (1959)","4.411"
"720","Wallace & Gromit The Best of Aardman Animation (1996)","4.427"
"745","Close Shave A (1995)","4.521"
"750","Dr. Strangelove or How I Learned to Stop Worrying and Love the Bomb (1963)","4.45"
"858","Godfather The (1972)","4.525"
"904","Rear Window (1954)","4.476"
"912","Casablanca (1942)","4.413"
"922","Sunset Blvd. (a.k.a. Sunset Boulevard) (1950)","4.491"
"1148","Wrong Trousers The (1993)","4.508"
"1178","Paths of Glory (1957)","4.474"
"1198","Raiders of the Lost Ark (1981)","4.478"
"1207","To Kill a Mockingbird (1962)","4.426"
"1212","Third Man The (1949)","4.452"
"2019","Seven Samurai (The Magnificent Seven) (Shichinin no samurai) (1954)","4.561"
"2905","Sanjuro (1962)","4.609"
"3435","Double Indemnity (1944)","4.416"
